sitename,date,gpp_umolCm2s,evsp_umolH2Om2s,trans_umolH2Om2s,evapotrans_umolH2Om2s,mrso_kgm2,chi__,vcmax25_umolCm2s,jmax25_umolCm2s
GF-Guy,2019-01-01,4.9911319841573265,NA,NA,4250.339458508747,459.0399475097656,0.8097899556159973,26.41082573973108,45.16591434367001
GF-Guy,2019-01-02,4.864820267683195,NA,NA,4252.217740678982,461.3548583984375,0.8189990520477295,25.111250579357147,43.1839725933969
GF-Guy,2019-01-03,4.836930260982043,NA,NA,4249.132955025252,465.072509765625,0.8526791930198669,24.004159058677033,42.35377491568215
GF-Guy,2019-01-04,4.5435383547971275,NA,NA,4286.931007487293,465.3317565917969,0.8288435935974121,22.528252884512767,38.8778826163616
GF-Guy,2019-01-05,4.729531521414533,NA,NA,4309.944103284138,460.3589172363281,0.8168671727180481,23.362876163446344,39.87753007095307
GF-Guy,2019-01-06,3.429903982230175,NA,NA,4282.512169315982,458.6250915527344,0.8399395942687988,16.484382285852917,28.678296075668186
GF-Guy,2019-01-07,3.117945413162679,NA,NA,4280.504498462127,454.09490966796875,0.8289987444877625,15.017038094811141,25.93684257590212
GF-Guy,2019-01-08,5.242291056079629,NA,NA,4263.283539210818,448.59136962890625,0.8043106198310852,25.75244798208587,43.770593038061634
GF-Guy,2019-01-09,3.385042518745234,NA,NA,4164.122443630862,468.8365173339844,0.8592682480812073,16.36469824006781,29.517574148485437
GF-Guy,2019-01-10,4.371967580583361,NA,NA,4313.224198396314,463.2514343261719,0.8164107799530029,20.73516952805221,35.5002521246206
GF-Guy,2019-01-11,3.587998863723543,NA,NA,4276.642767490183,459.9224548339844,0.8163758516311646,17.106345694628544,29.49299778265413
GF-Guy,2019-01-12,5.934319378417215,NA,NA,4285.978069030699,454.5810241699219,0.799628496170044,28.440283131203614,48.3275180158671
GF-Guy,2019-01-13,5.5317024205937795,NA,NA,4272.472282005436,451.46148681640625,0.8144626021385193,25.990422727772966,44.70493149710819
GF-Guy,2019-01-14,5.3777283540478455,NA,NA,4280.455747749579,450.7279968261719,0.8158664703369141,24.801587642286904,42.5299076596275
GF-Guy,2019-01-15,4.238909409369951,NA,NA,4273.507084866121,455.0054931640625,0.8471192717552185,18.945944248116575,33.31877087475732
GF-Guy,2019-01-16,3.9759471460624973,NA,NA,4320.400977821507,452.4114685058594,0.8354991674423218,17.58465623424854,30.490828066831455
GF-Guy,2019-01-17,4.848377020270736,NA,NA,4308.443562484083,449.03643798828125,0.8269120454788208,21.686624677386135,37.4681330868043
GF-Guy,2019-01-18,3.284211098044007,NA,NA,4286.848529866693,445.2926940917969,0.8387022614479065,14.57903636037372,25.47215626691468
GF-Guy,2019-01-19,4.0279466796804355,NA,NA,4298.051075680266,440.3314208984375,0.8214265704154968,17.890812159748748,30.70202365051955
GF-Guy,2019-01-20,4.464117465195833,NA,NA,4285.7554714375565,434.9891357421875,0.823204517364502,19.68597644008696,33.80993439350277
GF-Guy,2019-01-21,4.221006400055356,NA,NA,4267.985070193255,429.675537109375,0.8161112666130066,18.707874914980493,31.990955903893337
GF-Guy,2019-01-22,3.8456551178737923,NA,NA,4245.123132266135,424.19720458984375,0.8196660876274109,17.052478142431937,29.272090614540502
GF-Guy,2019-01-23,4.626962781688314,NA,NA,4217.650112791807,418.760498046875,0.8034185171127319,20.981169654987752,35.64649887266569
GF-Guy,2019-01-24,6.313657411086706,NA,NA,4191.396167739429,414.96307373046875,0.7856203317642212,29.282742616487667,49.11766518489458
GF-Guy,2019-01-25,5.649359045941152,NA,NA,4169.957198723844,409.5967712402344,0.7947935461997986,26.073479602928273,44.11480404087342
GF-Guy,2019-01-26,5.993295322965692,NA,NA,4163.0615790685015,404.24285888671875,0.7975948452949524,27.30498272285331,46.036111598368734
GF-Guy,2019-01-27,5.8078646291921165,NA,NA,4122.987880137722,408.34991455078125,0.8311634063720703,26.05400914035272,45.26756674749777
GF-Guy,2019-01-28,3.8163977916593903,NA,NA,4140.681016101759,407.8294982910156,0.8394407629966736,17.270554963033646,30.303870516945608
GF-Guy,2019-01-29,4.186559882428911,NA,NA,4141.627822393252,410.50537109375,0.8518666625022888,18.838247342500836,33.32646519993432
GF-Guy,2019-01-30,4.583247649816819,NA,NA,4149.765512089671,467.768798828125,0.8563747406005859,20.92149770760443,37.307105230866
GF-Guy,2019-01-31,2.9768242880150124,NA,NA,4376.262549019644,483.67645263671875,0.8721565008163452,13.664524885825813,24.7516709350748
GF-Guy,2019-02-01,3.188848265527207,NA,NA,4407.569704722966,519.9346923828125,0.8637036681175232,15.014337805041578,27.129213776788674
GF-Guy,2019-02-02,3.420767822751292,NA,NA,4543.596150453199,513.98388671875,0.8187606930732727,16.27253368496895,27.95213003992103
GF-Guy,2019-02-03,5.786907341745165,NA,NA,4574.373487091849,510.98602294921875,0.8138154745101929,27.835687433253042,47.503654059255496
GF-Guy,2019-02-04,5.263693078800484,NA,NA,4612.246351968114,510.53338623046875,0.8143136501312256,25.511306375847198,43.46017158241011
GF-Guy,2019-02-05,5.339009710300116,NA,NA,4546.8204428629615,513.37969970703125,0.8151976466178894,26.895999326370656,46.39132021111436
GF-Guy,2019-02-06,3.6460186504287484,NA,NA,4568.261558136332,516.59173583984375,0.8488200306892395,17.898279111250304,31.538020266452804
GF-Guy,2019-02-07,4.632140935203175,NA,NA,4644.138209613752,510.4869689941406,0.8178229331970215,23.20734529348556,39.597711293026805
GF-Guy,2019-02-08,4.230248339382219,NA,NA,4625.941929503233,507.80792236328125,0.8070064783096313,21.885884052608162,37.17192885233089
GF-Guy,2019-02-09,4.27470393018958,NA,NA,4537.572524675125,512.463623046875,0.8387519121170044,22.511709175887518,39.761092921253294
GF-Guy,2019-02-10,3.632707406341294,NA,NA,4594.906735322113,508.8304443359375,0.8300899267196655,19.222052287659608,33.47928941366263
GF-Guy,2019-02-11,4.136630874357106,NA,NA,4616.791206132238,510.9632873535156,0.8232258558273315,22.070935301599093,38.18352342932485
GF-Guy,2019-02-12,2.9653717798215373,NA,NA,4576.967392929297,530.6138916015625,0.8792287111282349,15.356054063886404,27.81451439659577
GF-Guy,2019-02-13,3.267062574992945,NA,NA,4683.37640104961,526.84222412109375,0.8375407457351685,17.086258594645187,29.657199775101617
GF-Guy,2019-02-14,4.088201640564718,NA,NA,4723.520619879043,520.80792236328125,0.823063850402832,21.5890868275892,36.92166501423344
GF-Guy,2019-02-15,4.34472053139298,NA,NA,4722.990187597863,514.9752197265625,0.8144500255584717,23.421818696078844,39.898579416330904
GF-Guy,2019-02-16,5.061076839029053,NA,NA,4729.872009881729,510.3323974609375,0.8029618263244629,27.455014787847176,46.357105020433664
GF-Guy,2019-02-17,4.567931187741551,NA,NA,4716.819083249127,504.50970458984375,0.8008277416229248,24.857079552020878,42.02316267765127
GF-Guy,2019-02-18,3.7594390228206733,NA,NA,4722.6952304565375,499.875732421875,0.8128414750099182,19.948112822021358,33.920510759344324
GF-Guy,2019-02-19,3.649856159348546,NA,NA,4694.205498008571,496.4845275878906,0.8260166049003601,19.216848158976063,33.13980414532125
GF-Guy,2019-02-20,2.8831293277534438,NA,NA,4657.572863523852,498.1499328613281,0.8409993648529053,15.165483091550414,26.63359555299394
GF-Guy,2019-02-21,5.489385882277547,NA,NA,4712.509091008347,493.9331359863281,0.7982968688011169,29.237849958008155,49.39806240145117
GF-Guy,2019-02-22,4.198278449935677,NA,NA,4703.419689288355,488.5276184082031,0.8002445697784424,22.02047107857652,37.24651105585508
GF-Guy,2019-02-23,4.616697997222713,NA,NA,4677.279802506842,484.962890625,0.8101543188095093,23.916301870485768,40.9069616580382
GF-Guy,2019-02-24,5.293947495060202,NA,NA,4683.30373489317,479.18902587890625,0.7973136901855469,27.326161216478795,46.1580311821308
GF-Guy,2019-02-25,5.351139899389243,NA,NA,4666.903565940543,474.04046630859375,0.8150023221969604,26.843161322176456,45.9592993138358
GF-Guy,2019-02-26,5.582740277419855,NA,NA,4663.991400734388,470.6972351074219,0.8052051067352295,27.784584744949825,47.116340283537284
GF-Guy,2019-02-27,5.327418538523309,NA,NA,4670.224746558892,464.5449523925781,0.7922098636627197,26.361894924775697,44.10223482409492
GF-Guy,2019-02-28,6.1091923235375205,NA,NA,4590.776722127027,464.91351318359375,0.8125606775283813,30.304854590212926,52.326377044664696
GF-Guy,2019-03-01,5.638237444706905,NA,NA,4638.133900155747,460.00946044921875,0.7965788245201111,27.441245038062334,46.27500311471522
GF-Guy,2019-03-02,6.193761012436431,NA,NA,4569.971512374564,460.6085205078125,0.8214266896247864,30.029876143089496,52.31370232650079
GF-Guy,2019-03-03,5.804577635394202,NA,NA,4606.024963865555,454.7502136230469,0.8022597432136536,27.918455089093186,47.48837818624452
GF-Guy,2019-03-04,5.870316131615344,NA,NA,4591.591686868864,449.31402587890625,0.7972870469093323,28.01222581183538,47.326164349215105
GF-Guy,2019-03-05,5.13308808023547,NA,NA,4567.852236115884,443.3143310546875,0.8075236082077026,24.076818590401672,40.99657235201448
GF-Guy,2019-03-06,5.19612827050833,NA,NA,4531.960060567032,445.7698669433594,0.8251920938491821,23.926293579279445,41.3902489526663
GF-Guy,2019-03-07,5.253012073628696,NA,NA,4578.34498381909,439.75537109375,0.799701988697052,24.204715373343788,40.73907257406972
GF-Guy,2019-03-08,4.286324996271252,NA,NA,4525.225410245574,433.8244323730469,0.8064558506011963,19.968496417277493,34.074771974701434
GF-Guy,2019-03-09,4.4908848257712375,NA,NA,4504.16540903319,428.1257629394531,0.8170202374458313,20.50783223239705,35.14551281114109
GF-Guy,2019-03-10,5.642059776518081,NA,NA,4474.4762250915965,422.67022705078125,0.8224577307701111,25.48505290178582,43.77999357529916
GF-Guy,2019-03-11,5.721541374553869,NA,NA,4441.178875204958,419.2669372558594,0.8232783079147339,25.882585759973153,44.5644800493028
GF-Guy,2019-03-12,5.4567270440819815,NA,NA,4430.239705882445,413.4788513183594,0.8061580657958984,24.871433197404258,42.15153603581712
GF-Guy,2019-03-13,5.440153181552887,NA,NA,4397.210025002436,407.9424133300781,0.802553117275238,24.930903236963786,42.147596104769036
GF-Guy,2019-03-14,3.550012630444986,NA,NA,4304.860231807694,417.142822265625,0.8915405869483948,15.74331872689072,28.90742507588584
GF-Guy,2019-03-15,4.9260759979118545,NA,NA,4421.273867289226,412.3663024902344,0.8219682574272156,22.23080264229793,38.148693420225754
GF-Guy,2019-03-16,6.292640794942408,NA,NA,4405.506844383209,407.2172546386719,0.810600221157074,28.5644200630486,48.45803778152913
GF-Guy,2019-03-17,7.066708747987393,NA,NA,4370.642419705176,401.5223388671875,0.7884691953659058,33.015570807037875,55.16640158020891
GF-Guy,2019-03-18,5.916950327378732,NA,NA,4332.6453784856285,395.88494873046875,0.7958122491836548,27.55540299403947,46.32081254385412
GF-Guy,2019-03-19,5.077506289070035,NA,NA,4297.9026772848365,391.9013977050781,0.8204354047775269,23.105525542632677,39.53198392991908
GF-Guy,2019-03-20,4.672899750279792,NA,NA,4272.091167944449,388.5568542480469,0.8157249689102173,21.439860574901104,36.540583096211776
GF-Guy,2019-03-21,6.782795176093961,NA,NA,4261.28537321287,383.0292663574219,0.8052160739898682,31.2462798319757,52.59762110654265
GF-Guy,2019-03-22,5.530783975565876,NA,NA,4202.854424837686,380.79296875,0.8261275887489319,25.616820494178683,44.24822691362351
GF-Guy,2019-03-23,5.820443232854207,NA,NA,4210.045001634354,375.9440612792969,0.803483247756958,27.05138103920035,45.46358104562387
GF-Guy,2019-03-24,3.3963924664774057,NA,NA,4160.833763487545,382.369873046875,0.8080698847770691,16.038653484429233,27.22598219406791
GF-Guy,2019-03-25,3.8322748869289582,NA,NA,4181.275949066068,378.16156005859375,0.814484179019928,18.605795048642904,32.12695810361765
GF-Guy,2019-03-26,7.1239273673222385,NA,NA,4194.498736671951,373.3333435058594,0.7880474925041199,34.20678694965318,56.70405153068714
GF-Guy,2019-03-27,6.732834893980145,NA,NA,4163.141297214807,368.1549072265625,0.795221209526062,32.17929770471528,53.603183914674446
GF-Guy,2019-03-28,6.105588910020427,NA,NA,4126.374368314389,362.8346862792969,0.8002477288246155,29.19257167377509,48.828034778125584
GF-Guy,2019-03-29,6.319666166364411,NA,NA,4087.799370534135,358.774169921875,0.7963172793388367,30.495684768538922,50.81237759441137
GF-Guy,2019-03-30,5.810973176985611,NA,NA,4042.0785607624443,353.9809875488281,0.80423736572265625,28.39863554982003,47.90926323039457
GF-Guy,2019-03-31,5.849969607812387,NA,NA,4014.39858071598,348.8326416015625,0.7983992695808411,28.704251235467382,48.01441536983475
GF-Guy,2019-04-01,6.207154120927975,NA,NA,3967.564782978575,343.7552795410156,0.8055863976478577,30.643164791399613,51.67955532670021
GF-Guy,2019-04-02,5.476295396133705,NA,NA,3924.6117259249277,341.9464111328125,0.8140301704406738,27.13617868721485,46.17451850208454
GF-Guy,2019-04-03,3.5748306523870537,NA,NA,3908.3041526653155,337.3599853515625,0.8025631904602051,18.058943169307895,30.473880542558618
GF-Guy,2019-04-04,5.28120470267755,NA,NA,3868.7305317984687,338.0362854003906,0.8034475445747375,26.998015528079122,45.68256554193795
GF-Guy,2019-04-05,4.398144413659602,NA,NA,3844.376024885923,354.5456237792969,0.8478964567184448,22.513533622259274,40.01417619292624
GF-Guy,2019-04-06,4.298723774191774,NA,NA,3996.4248981986025,352.6206970214844,0.8210601806640625,22.166661437950097,38.22530197794549
GF-Guy,2019-04-07,3.774386865121347,NA,NA,3948.8874345159334,364.1648864746094,0.8639842867851257,19.55910374817904,35.330274840816855
GF-Guy,2019-04-08,3.518699725836883,NA,NA,4062.0464233704556,364.1351623535156,0.82773590087890625,18.44936195993796,32.072417525341734
GF-Guy,2019-04-09,3.4072229431735144,NA,NA,4055.108185167666,371.51507568359375,0.8273208737373352,18.14724237192422,31.639032386010513
GF-Guy,2019-04-10,5.655199473286853,NA,NA,4135.4220713117,366.9720153808594,0.8178709745407104,29.81937723234296,51.00314592709765
GF-Guy,2019-04-11,4.563617209593455,NA,NA,4071.505594645999,393.72589111328125,0.8531553745269775,24.237564502982423,43.12221790314652
GF-Guy,2019-04-12,4.20904959793444,NA,NA,4278.3189948203635,404.959716796875,0.8429177403450012,22.34039129689336,39.15146226063371
GF-Guy,2019-04-13,4.03421022641806,NA,NA,4383.484706466581,404.8316650390625,0.8345844745635986,21.16823452524841,36.45231845439412
GF-Guy,2019-04-14,4.035789105627272,NA,NA,4346.164043057603,409.1593322753906,0.8455058336257935,21.832369384355843,38.385576772270724
GF-Guy,2019-04-15,3.248630666438444,NA,NA,4364.49461758382,413.0565185546875,0.8485620617866516,17.77807301550638,31.408348149852827
GF-Guy,2019-04-16,4.470008022991228,NA,NA,4427.962832980686,411.456787109375,0.8255676031112671,24.395289074163884,41.80170071776956
GF-Guy,2019-04-17,3.761779516935349,NA,NA,4427.908563319547,405.8573913574219,0.8163683414459229,20.7316243177047,35.134722565999255
GF-Guy,2019-04-18,4.835366558881454,NA,NA,4401.291594093229,401.699951171875,0.8159013390541077,26.67034277692437,45.02185038290918
GF-Guy,2019-04-19,2.9792158324041487,NA,NA,4357.947918122687,402.4090270996094,0.8292723894119263,16.57357825024519,28.415586712071672
GF-Guy,2019-04-20,4.403881360719234,NA,NA,4360.610197601004,399.5135192871094,0.8188261389732361,25.028939489857294,42.600848246365786
GF-Guy,2019-04-21,3.3658804992834725,NA,NA,4346.396145506651,394.04241943359375,0.8090317249298096,19.473642169032246,32.857431506272405
GF-Guy,2019-04-22,2.2222545503834144,NA,NA,4275.523953967624,404.67724609375,0.843090295791626,12.900959518447053,22.564992832485586
GF-Guy,2019-04-23,2.5228852475131,NA,NA,4345.690333303601,433.8016357421875,0.8492349982261658,14.651098354079295,25.703880965011194
GF-Guy,2019-04-24,2.2054925836898662,NA,NA,4474.921420277882,448.92266845703125,0.8869773745536804,12.89035481022438,23.490329112973996
GF-Guy,2019-04-25,3.6062461174564597,NA,NA,4642.553044935312,442.9868469238281,0.8206064105033875,21.272555386531167,36.08771658036858
GF-Guy,2019-04-26,4.721041078920718,NA,NA,4609.3369462362525,437.10455322265625,0.8024027943611145,28.76049984479323,48.1737224617973
GF-Guy,2019-04-27,4.2673559100539595,NA,NA,4579.151976746296,431.2681884765625,0.8060041069984436,26.035297196358442,43.652555177686736
GF-Guy,2019-04-28,4.584685335924596,NA,NA,4531.727344901473,426.3075866699219,0.8040077686309814,28.645146812777966,48.19532477995381
GF-Guy,2019-04-29,4.2857708018503065,NA,NA,4464.897476596596,428.64984130859375,0.8334993720054626,26.989833713741973,46.960540203144774
GF-Guy,2019-04-30,3.1768539805471163,NA,NA,4480.25671052344,430.9648132324219,0.8444374799728394,19.838740627164952,34.67815986368805
GF-Guy,2019-05-01,2.848898279078213,NA,NA,4506.7574752211085,428.83819580078125,0.8377386331558228,17.85911081242375,30.905979656381533
GF-Guy,2019-05-02,2.935383652831301,NA,NA,4486.654398372635,435.7430419921875,0.8479393720626831,18.451057258062065,32.224852475337684
GF-Guy,2019-05-03,3.475490727542359,NA,NA,4533.583551277349,431.5744934082031,0.8306036591529846,22.18787449237425,38.12925569945946
GF-Guy,2019-05-04,3.360112508138021,NA,NA,4489.56779001181,464.6735534667969,0.8541963696479797,21.41910226782784,37.63201311812736
GF-Guy,2019-05-05,3.844604907948294,NA,NA,4659.604143213343,495.1070251464844,0.840537965297699,24.760385713307187,42.91186269256286
GF-Guy,2019-05-06,3.2602388549734043,NA,NA,4690.731626479223,510.2900695800781,0.8535103797912598,21.59170799131971,38.2960461138282
GF-Guy,2019-05-07,3.8997134492721086,NA,NA,4800.235538325683,505.90435791015625,0.8399144411087036,25.271070626331493,43.7048620369751
GF-Guy,2019-05-08,3.46299789753961,NA,NA,4821.230231979747,502.68646240234375,0.8345376253128052,22.325604732031934,38.234440580708906
GF-Guy,2019-05-09,1.8796973206378795,NA,NA,4770.980205064939,510.7471618652344,0.8635839223861694,12.044784853060264,21.200947230681777
GF-Guy,2019-05-10,3.693943820249887,NA,NA,4841.384512406808,505.0973815917969,0.8290990591049194,23.911114112706855,40.61340223415755
GF-Guy,2019-05-11,2.171649931021679,NA,NA,4781.466820603046,502.5399169921875,0.8413733839988708,14.193416973284911,24.504499378963374
GF-Guy,2019-05-12,3.2375911595644777,NA,NA,4817.042269824464,496.12799072265625,0.8269783854484558,21.022107830503955,35.67440217011608
GF-Guy,2019-05-13,3.765023278969305,NA,NA,4757.282787880289,497.4092102050781,0.8286712765693665,24.852277419995517,42.55090971128084
GF-Guy,2019-05-14,1.7398176139887467,NA,NA,4738.920632703805,494.318359375,0.8455639481544495,11.367559636710212,19.751814761548303
GF-Guy,2019-05-15,1.5811941781897603,NA,NA,4684.087425592995,512.31048583984375,0.8778659105300903,10.195037248195149,18.238129996461794
GF-Guy,2019-05-16,1.1643103933260766,NA,NA,4612.064533272888,530.6138916015625,0.8930925130844116,7.619071766384877,13.919954653829336
GF-Guy,2019-05-17,3.0328432259000375,NA,NA,4771.905855386836,526.071533203125,0.8274700045585632,19.818939108517952,33.81688293302432
GF-Guy,2019-05-18,2.483804192807939,NA,NA,4705.550616660727,527.6319580078125,0.8331438302993774,16.419066014350392,28.37324791471474
GF-Guy,2019-05-19,4.401865104834238,NA,NA,4803.721060968721,524.639404296875,0.8176752328872681,28.324415325187147,47.66255369759165
GF-Guy,2019-05-20,3.5548166452366625,NA,NA,4765.92362172319,521.30419921875,0.8378697633743286,22.503545551444404,38.58290074276738
GF-Guy,2019-05-21,1.0229551727757042,NA,NA,4566.11591356772,530.6138916015625,0.9145432114601135,6.453984497056808,11.970682862738613
GF-Guy,2019-05-22,0.9572718085514174,NA,NA,4512.439846011346,530.6138916015625,0.9137077927589417,6.103124178480357,11.394109606044367
GF-Guy,2019-05-23,3.274635952196004,NA,NA,4669.660893977915,530.6138916015625,0.849331796169281,20.630552171496674,36.048342735739425
GF-Guy,2019-05-24,3.4141043821970625,NA,NA,4666.335727452251,530.6138916015625,0.8474646210670471,21.376954464358278,37.31871765921824
GF-Guy,2019-05-25,4.694566682532981,NA,NA,4729.597595493489,525.73565673828125,0.8252209424972534,29.087768780300394,49.47695560986176
GF-Guy,2019-05-26,4.688749250806408,NA,NA,4760.396701318246,519.6085205078125,0.8186672925949097,28.610427762032486,48.16648652194999
GF-Guy,2019-05-27,4.516008459491494,NA,NA,4745.810120194047,514.30413818359375,0.8219678997993469,27.237099857302383,46.02048284141347
GF-Guy,2019-05-28,2.8336204496430764,NA,NA,4633.616027518065,523.1737060546875,0.8579128980636597,16.946994946920313,29.836746762157418
GF-Guy,2019-05-29,4.1832333361661,NA,NA,4629.039899311929,530.6138916015625,0.8501081466674805,24.898317860788666,43.584706872934476
GF-Guy,2019-05-30,3.809088174207711,NA,NA,4671.866940372766,530.6138916015625,0.8293154239654541,22.507230823975988,38.535334169864655
GF-Guy,2019-05-31,3.9496217612867004,NA,NA,4596.789923224429,530.6138916015625,0.85218346118927,23.141330530052073,40.68451380589977
GF-Guy,2019-06-01,4.548789634380811,NA,NA,4704.226682215562,530.6138916015625,0.8228996992111206,26.061445169034414,44.17377567733638
GF-Guy,2019-06-02,4.23492932761157,NA,NA,4628.876477112004,530.6138916015625,0.8409260511398315,24.089964426821098,41.76563743385486
GF-Guy,2019-06-03,3.006679270370507,NA,NA,4544.406822679464,530.6138916015625,0.866710901260376,16.960917491815053,30.30758489330765
GF-Guy,2019-06-04,4.9181540071228405,NA,NA,4659.552939634755,528.24188232421875,0.8348965048789978,27.054888050770387,46.47312744054943
GF-Guy,2019-06-05,5.107438766661985,NA,NA,4714.890517325068,523.58660888671875,0.8261315822601318,27.532552849152125,46.65484084398486
GF-Guy,2019-06-06,4.424766901834512,NA,NA,4651.839289155027,530.2281494140625,0.8402271270751953,23.721651814412326,40.90424772584811
GF-Guy,2019-06-07,3.8158900483890816,NA,NA,4547.558142324533,530.6138916015625,0.8679770827293396,20.40881554421503,36.37293048086576
GF-Guy,2019-06-08,4.266559341807424,NA,NA,4566.698775860508,530.6138916015625,0.8480736017227173,22.78355896123685,39.92924030171707
GF-Guy,2019-06-09,3.098931485488091,NA,NA,4447.657201025221,530.6138916015625,0.8783832788467407,16.618461813777685,30.263348890002817
GF-Guy,2019-06-10,4.381727381252949,NA,NA,4500.127378314611,530.6138916015625,0.8604612946510315,23.147942556533962,41.292794776381925
GF-Guy,2019-06-11,3.129512669495594,NA,NA,4526.209622744179,530.6138916015625,0.8682765960693359,16.12015512364451,28.785520044039004
GF-Guy,2019-06-12,5.50906875251252,NA,NA,4684.4391052615,530.6138916015625,0.8222553730010986,27.769609005190432,46.91493450081907
GF-Guy,2019-06-13,4.6876633976712645,NA,NA,4597.94552973759,528.13720703125,0.8515766263008118,23.424061510013416,40.881997847463936
GF-Guy,2019-06-14,4.922118911772599,NA,NA,4617.2685951853,527.63031005859375,0.8325445652008057,24.661201678100042,42.32274295645766
GF-Guy,2019-06-15,5.473202485361218,NA,NA,4628.503948082158,530.6138916015625,0.825045108795166,27.287065677228384,46.47790046874434
GF-Guy,2019-06-16,4.882087218172756,NA,NA,4597.796518125651,530.6138916015625,0.8487597703933716,23.89064866292756,41.56668728683144
GF-Guy,2019-06-17,4.383022034609759,NA,NA,4683.046183958956,524.40667724609375,0.8218196630477905,21.294370526447892,35.932494938606396
GF-Guy,2019-06-18,4.31139436033037,NA,NA,4601.948607115099,523.1234130859375,0.8258510828018188,21.31246219505556,36.43655145424418
GF-Guy,2019-06-19,4.929430138917617,NA,NA,4612.700438793794,521.2244873046875,0.8290876150131226,24.081133233266883,41.2281951867044
GF-Guy,2019-06-20,3.45451757311821,NA,NA,4500.29049390628,530.6138916015625,0.8554618954658508,17.038530131685548,30.211074772523716
GF-Guy,2019-06-21,4.612884403746805,NA,NA,4644.702982019496,530.6138916015625,0.8296970129013062,22.05996679549571,37.62330743484199
GF-Guy,2019-06-22,5.782392381885905,NA,NA,4620.379749148962,529.3040771484375,0.829868495464325,27.81984949251637,47.63463221024722
GF-Guy,2019-06-23,5.126244124071098,NA,NA,4590.73594322911,530.6138916015625,0.841928243637085,24.488099370501004,42.4210011260584
GF-Guy,2019-06-24,5.4081791528949035,NA,NA,4616.23041963381,528.3092041015625,0.8229516744613647,26.060864911414683,44.32832793099806
GF-Guy,2019-06-25,4.744209625102856,NA,NA,4566.403818719181,530.6138916015625,0.8409822583198547,22.813304894953035,39.61154288845137
GF-Guy,2019-06-26,6.583045110290433,NA,NA,4533.26099939307,530.6138916015625,0.8279216289520264,32.27661727578379,55.79090066021308
GF-Guy,2019-06-27,3.748323400447398,NA,NA,4564.6957041304795,530.6138916015625,0.8465859889984131,17.744625438353978,30.929171771276742
GF-Guy,2019-06-28,5.054265996556222,NA,NA,4618.132004031429,530.6138916015625,0.8465933799743652,23.405700630974025,40.50828283652663
GF-Guy,2019-06-29,3.701348409608558,NA,NA,4521.513917318588,530.6138916015625,0.8505064845085144,17.63347609085031,31.022311304695904
GF-Guy,2019-06-30,3.3340766382070233,NA,NA,4460.631329336285,530.6138916015625,0.8741175532341003,15.837395039852709,28.57292565749958
GF-Guy,2019-07-01,5.424994929337207,NA,NA,4568.742626488453,527.1822509765625,0.8306812047958374,25.613699108362198,44.12951966514811
GF-Guy,2019-07-02,5.425925332087057,NA,NA,4499.443948514177,526.65679931640625,0.841396152973175,25.826686396612786,45.31207014224492
GF-Guy,2019-07-03,5.766247157697324,NA,NA,4646.832682958847,520.50567626953125,0.8185017108917236,26.496552891330793,44.7698803327512
GF-Guy,2019-07-04,5.895503233244389,NA,NA,4594.563947293003,525.63580322265625,0.8473881483078003,26.640276701073162,46.35437289834954
GF-Guy,2019-07-05,1.5196735384287656,NA,NA,4462.091091238422,530.6138916015625,0.9065396785736084,6.784013748983853,12.517773029685486
GF-Guy,2019-07-06,6.419032076258717,NA,NA,4654.936952355467,524.6507568359375,0.8281230926513672,28.52337456715759,48.603898903820664
GF-Guy,2019-07-07,6.197054904920083,NA,NA,4627.614784142608,518.7322998046875,0.8234447836875916,27.822812626254745,47.50516018248163
GF-Guy,2019-07-08,5.667565597428216,NA,NA,4618.954633979641,514.4246826171875,0.8316359519958496,25.05815245967824,43.050258682342246
GF-Guy,2019-07-09,6.866217763335617,NA,NA,4676.916165116392,511.0277404785156,0.8172436356544495,29.98759191541467,50.60164403403178
GF-Guy,2019-07-10,5.447337932792711,NA,NA,4583.105690194747,523.5767822265625,0.8389446139335632,23.96028685325291,41.64789788774215
GF-Guy,2019-07-11,6.542175456329628,NA,NA,4612.3668490123355,518.8782958984375,0.8344660997390747,28.40760316757951,48.939164116745815
GF-Guy,2019-07-12,6.533077009666114,NA,NA,4704.920536696666,512.64129638671875,0.811948299407959,28.15017433022149,47.21320510725491
GF-Guy,2019-07-13,6.473135709026714,NA,NA,4681.451207816355,506.8404541015625,0.8185259103775024,27.80579416139517,47.04392631538212
GF-Guy,2019-07-14,6.321967567926572,NA,NA,4724.355514157456,500.77337646484375,0.8153525590896606,26.758454623632133,44.91378422244452
GF-Guy,2019-07-15,6.56234445395293,NA,NA,4715.387222698197,495.91851806640625,0.8120186924934387,27.769790904130787,46.51016206480563
GF-Guy,2019-07-16,6.084088466049713,NA,NA,4694.162266244613,489.6976318359375,0.8169884085655212,25.760620701476,43.46643981989473
GF-Guy,2019-07-17,6.124621464146508,NA,NA,4720.145476207812,485.6351623535156,0.8169100284576416,25.405894120922312,42.604275222402066
GF-Guy,2019-07-18,6.777479968689105,NA,NA,4666.500989301704,481.0552978515625,0.8189741373062134,28.594533432624303,48.40346082346514
GF-Guy,2019-07-19,6.285258281378098,NA,NA,4639.286747194612,477.3175964355469,0.8304182291030884,26.39174272189848,45.19547655945644
GF-Guy,2019-07-20,5.5700752102298505,NA,NA,4596.803107379395,482.0451354980469,0.8445020914077759,23.419099306920543,40.7777406508103
GF-Guy,2019-07-21,5.3732488074420415,NA,NA,4641.272955470615,481.5063781738281,0.8291422128677368,22.672888007946312,38.865171518409625
GF-Guy,2019-07-22,6.0280665387342,NA,NA,4596.7693804713435,482.0332336425781,0.8425858020782471,25.553037630743347,44.55861562746577
GF-Guy,2019-07-23,5.343340705206364,NA,NA,4628.318450087873,488.714599609375,0.8354945182800293,22.592555978917517,39.0531713492237
GF-Guy,2019-07-24,5.862467726807536,NA,NA,4681.888124579756,482.9137878417969,0.8250784873962402,24.650327759445645,42.03609569231048
GF-Guy,2019-07-25,4.943234868991522,NA,NA,4682.66200381542,479.91082763671875,0.8224066495895386,20.678469809354283,35.077780921710655
GF-Guy,2019-07-26,5.841292440891266,NA,NA,4673.8669460202445,498.5199890136719,0.8164846897125244,24.541188395232894,41.447954572504386
GF-Guy,2019-07-27,5.233784976564808,NA,NA,4669.0979612217025,501.9361877441406,0.8337060809135437,22.070864361012354,38.11139686149545
GF-Guy,2019-07-28,6.429999146932438,NA,NA,4718.670077284669,497.0777282714844,0.8287113904953003,26.83034836081788,45.898486860096455
GF-Guy,2019-07-29,2.960610536881435,NA,NA,4551.160482712734,511.4759216308594,0.8712826371192932,12.628032891370822,22.830654415884055
GF-Guy,2019-07-30,7.0567751004372115,NA,NA,4760.653332427696,505.5512390136719,0.8027163147926331,29.873541279812343,49.86831481801346
GF-Guy,2019-07-31,4.219000722155159,NA,NA,4686.035614445376,530.6138916015625,0.8434739708900452,17.583985027158633,30.606388463638723
GF-Guy,2019-08-01,6.263290106514353,NA,NA,4807.2393906950465,525.0181884765625,0.8286464810371399,25.3744929068489,42.995772673748434
GF-Guy,2019-08-02,6.189732639877884,NA,NA,4741.150287934292,527.9271240234375,0.8302475214004517,25.680610633571632,44.036743929609656
GF-Guy,2019-08-03,6.09456021108745,NA,NA,4762.271304189423,530.6138916015625,0.8241496682167053,25.171966626658104,42.86144394427538
GF-Guy,2019-08-04,7.066728984132225,NA,NA,4822.676196510409,530.6138916015625,0.8274657726287842,28.507234674179927,48.376670747529715
GF-Guy,2019-08-05,6.1643638728577415,NA,NA,4813.893403045435,530.6138916015625,0.8225778341293335,25.038891180884093,42.41321585141122
GF-Guy,2019-08-06,6.753423791608693,NA,NA,4778.873834590361,528.86346435546875,0.8264546990394592,27.588977900450118,47.110410378081724
GF-Guy,2019-08-07,6.744494132789565,NA,NA,4843.855161725739,525.21417236328125,0.8225491642951965,27.078598577645607,45.782966481056064
GF-Guy,2019-08-08,5.299237867196401,NA,NA,4683.495058444301,527.4105224609375,0.8387610912322998,22.075895685702562,38.612928619841114
GF-Guy,2019-08-09,5.609301597247889,NA,NA,4738.681171656635,526.32232666015625,0.841820240020752,22.844817067380063,39.738661143928766
GF-Guy,2019-08-10,5.169127734354985,NA,NA,4796.614801442182,530.6138916015625,0.8387703895568848,20.67566310870461,35.62374331522733
GF-Guy,2019-08-11,6.683054897520277,NA,NA,4830.025902991432,524.38433837890625,0.8261624574661255,26.768042516778223,45.52280006464571
GF-Guy,2019-08-12,6.360057971359771,NA,NA,4824.026499265506,518.56646728515625,0.8263325691223145,25.619854568503797,43.65442873677239
GF-Guy,2019-08-13,6.278486071545401,NA,NA,4804.689023229811,514.97625732421875,0.8345197439193726,25.173843823722564,43.24717883719131
GF-Guy,2019-08-14,4.9415377923,NA,NA,4715.221347632231,524.9246826171875,0.8501802682876587,20.15921018028166,35.52315683919005
GF-Guy,2019-08-15,7.200224991933799,NA,NA,4793.95589465467,527.35162353515625,0.8242752552032471,29.336964871617965,50.19502350478433
GF-Guy,2019-08-16,6.771134557547392,NA,NA,4879.005651905703,520.850341796875,0.806972861289978,27.440348276286386,45.90325625031255
GF-Guy,2019-08-17,6.762943977926985,NA,NA,4898.594546710513,514.31951904296875,0.80748450756073,27.19657277339138,45.40138252195902
GF-Guy,2019-08-18,7.242241207464242,NA,NA,4815.780576855066,508.91412353515625,0.8139734864234924,29.708826332353055,50.3799928992521
GF-Guy,2019-08-19,5.680602733735684,NA,NA,4807.825932286894,503.7242736816406,0.8117932677268982,23.46356814086903,39.809427107684314
GF-Guy,2019-08-20,6.426481277118495,NA,NA,4860.551514252714,497.2532653808594,0.8087825179100037,25.909386749844998,43.370277126086876
GF-Guy,2019-08-21,7.208412812079913,NA,NA,4874.761580439752,490.76300048828125,0.7981390357017517,29.05476139858365,48.00048191100359
GF-Guy,2019-08-22,7.019321215741429,NA,NA,4855.684721420821,484.3009948730469,0.7983205914497375,28.220985768712126,46.57780664274469
GF-Guy,2019-08-23,6.978667260688028,NA,NA,4833.373451919712,477.8741760253906,0.8024424314498901,27.937645427300595,46.25639121513814
GF-Guy,2019-08-24,5.451058623967347,NA,NA,4796.625226122852,471.5048522949219,0.8046282529830933,21.93903310399037,36.46535333245993
GF-Guy,2019-08-25,5.953982472419739,NA,NA,4787.113011619191,465.1515808105469,0.8030069470405579,23.83867649768945,39.41832619602792
GF-Guy,2019-08-26,6.658163979465578,NA,NA,4753.50261470418,458.85150146484375,0.7986496686935425,26.93830720090773,44.44608566700481
GF-Guy,2019-08-27,6.764728897883568,NA,NA,4716.391671341633,452.6102294921875,0.8090319633483887,27.243358999839984,45.42205351754092
GF-Guy,2019-08-28,6.103798011202871,NA,NA,4652.725080403772,454.4676818847656,0.812543511390686,25.080940758925863,42.27530735079199
GF-Guy,2019-08-29,6.63130141702699,NA,NA,4687.585825782745,448.27130126953125,0.8057743906974792,27.058409614255652,45.06628101808019
GF-Guy,2019-08-30,7.044247087137198,NA,NA,4646.385648123031,442.13897705078125,0.8138671517372131,28.734702937072143,48.27514567296021
GF-Guy,2019-08-31,7.00190755320184,NA,NA,4625.606806680499,436.0386657714844,0.7998860478401184,28.81018735934049,47.69398583448492
GF-Guy,2019-09-01,6.91085226005978,NA,NA,4590.412778128322,429.9921569824219,0.7997595071792603,28.498165193013847,47.1443563583307
GF-Guy,2019-09-02,6.199078979315581,NA,NA,4550.839770477985,424.0081787109375,0.80778968334198,25.513567379675806,42.524294258328155
GF-Guy,2019-09-03,6.572362725381498,NA,NA,4518.619535391223,418.07470703125,0.811442494392395,26.927060389425606,44.9570688942913
GF-Guy,2019-09-04,5.9021356297128,NA,NA,4496.191754753207,412.1766357421875,0.8024698495864868,24.16560164419934,39.918166294228286
GF-Guy,2019-09-05,6.929371092054579,NA,NA,4443.523508531075,406.362060546875,0.8067955374717712,28.690432372968644,47.804896894376725
GF-Guy,2019-09-06,6.750629363972465,NA,NA,4417.149679650986,400.58929443359375,0.8015871644020081,27.88932943076361,46.094915887806565
GF-Guy,2019-09-07,5.085069088288296,NA,NA,4343.001072298843,395.127685546875,0.8252007961273193,21.10028435708955,35.89242260204628
GF-Guy,2019-09-08,6.257759200202093,NA,NA,4309.292867350479,392.32049560546875,0.8081525564193726,26.465188057045452,44.413140130927786
GF-Guy,2019-09-09,5.193909653175024,NA,NA,4288.0222262669,396.9444580078125,0.8204904794692993,21.677540644304827,36.69825673568994
GF-Guy,2019-09-10,6.0162711658595525,NA,NA,4345.825240935808,391.48193359375,0.8061443567276001,24.977876819320954,41.4521164202597
GF-Guy,2019-09-11,6.292056246304218,NA,NA,4305.860081327304,385.8838806152344,0.8055011630058289,26.25393244670704,43.57922080089338
GF-Guy,2019-09-12,7.165460214938647,NA,NA,4256.828209009681,380.36212158203125,0.801347553730011,30.312246963148937,50.29830936109647
GF-Guy,2019-09-13,5.963925778129954,NA,NA,4230.0334069954515,374.88140869140625,0.8081676959991455,24.650471459608525,40.893930417951196
GF-Guy,2019-09-14,5.012311409285039,NA,NA,4177.127232767427,369.4817199707031,0.822184681892395,20.587905964930542,34.649008739506826
GF-Guy,2019-09-15,5.580950298427064,NA,NA,4147.515007497843,364.1299743652344,0.8081331849098206,22.977585103944875,38.06567838182673
GF-Guy,2019-09-16,5.7912489146362125,NA,NA,4111.109263121837,358.83599853515625,0.8069483041763306,23.68938112340402,39.126109186327085
GF-Guy,2019-09-17,5.3881403104758565,NA,NA,4059.592637505551,353.81982421875,0.8087832927703857,22.12887557107024,36.69930083560757
GF-Guy,2019-09-18,6.117167664162906,NA,NA,4021.5775063989586,348.6665344238281,0.8063834309577942,25.16274071240332,41.62146433372982
GF-Guy,2019-09-19,6.543298562367757,NA,NA,3979.7935466216913,343.5795593261719,0.8053056597709656,26.839117708732374,44.35390292201191
GF-Guy,2019-09-20,6.096356628853598,NA,NA,3921.1872183246383,338.58001708984375,0.8171260356903076,24.986782591440715,41.956558561651036
GF-Guy,2019-09-21,6.695792630866722,NA,NA,3888.2930582933463,333.63104248046875,0.8157222867012024,27.011641577701084,45.07302219280973
GF-Guy,2019-09-22,6.59521163245778,NA,NA,3848.3879939028266,328.746826171875,0.7997644543647766,26.948440790874884,44.38300311448984
GF-Guy,2019-09-23,6.491574516266953,NA,NA,3805.2617031850928,323.9305114746094,0.8042694330215454,26.304778657504357,43.516894947970286
GF-Guy,2019-09-24,7.024342539133849,NA,NA,3757.143216859166,319.19012451171875,0.8127471208572388,28.319227567408234,47.30947330244817
GF-Guy,2019-09-25,6.476198725494338,NA,NA,3713.345147454689,315.1190490722656,0.8200287818908691,25.871027901303023,43.50127710495144
GF-Guy,2019-09-26,5.98840461468991,NA,NA,3679.548945937137,310.5005798339844,0.8089812397956848,23.993381546461023,39.90131517639384
GF-Guy,2019-09-27,6.5988486195787965,NA,NA,3639.927494182508,305.9429626464844,0.8079821467399597,26.216097467113286,43.474388803588226
GF-Guy,2019-09-28,6.408229654217944,NA,NA,3599.441713756985,301.4503173828125,0.7964878082275391,25.655992430984043,42.13085776427761
GF-Guy,2019-09-29,6.607643524069845,NA,NA,3558.7489727593256,297.0214538574219,0.8039039969444275,26.07342685223557,43.02405068301596
GF-Guy,2019-09-30,7.109476920263266,NA,NA,3513.1848398059487,292.66265869140625,0.8068345189094543,28.01600749080535,46.38731115846895
GF-Guy,2019-10-01,6.524154249532724,NA,NA,3464.957814157745,288.7794494628906,0.8225169777870178,25.49522469053045,42.900326661765575
GF-Guy,2019-10-02,5.9481540027959845,NA,NA,3435.9118943351773,284.5426330566406,0.7985758781433105,23.43546111660544,38.491325540235266
GF-Guy,2019-10-03,6.876874853063513,NA,NA,3389.8421643692773,280.374755859375,0.7935757637023926,27.29647712840233,44.79201743379235
GF-Guy,2019-10-04,6.842263686804125,NA,NA,3345.791756370921,276.27899169921875,0.8055130839347839,26.986135708284564,44.85791578190401
GF-Guy,2019-10-05,6.1022825999024475,NA,NA,3297.827800605523,272.2557373046875,0.8091018199920654,24.253822630271316,40.59913044329733
GF-Guy,2019-10-06,6.2312940020620085,NA,NA,3248.2559911508133,272.7099914550781,0.8271814584732056,24.75919245625846,42.35840606270358
GF-Guy,2019-10-07,7.160459587603439,NA,NA,3272.607125372553,268.7291259765625,0.8050258159637451,27.831247280118987,46.03002525982447
GF-Guy,2019-10-08,5.401033954119977,NA,NA,3222.4717699451207,277.62530517578125,0.8253231048583984,20.918765585520305,35.402827052166685
GF-Guy,2019-10-09,6.798712743653192,NA,NA,3313.381424166048,273.5800476074219,0.7929958701133728,26.82535159692634,43.98543023853563
GF-Guy,2019-10-10,7.087304084389299,NA,NA,3267.6008257846283,269.6080017089844,0.7944953441619873,28.26696800184436,46.631652367068455
GF-Guy,2019-10-11,7.1033642247871125,NA,NA,3227.8269897272558,265.69940185546875,0.809110164642334,27.88699566735886,46.57683166442439
GF-Guy,2019-10-12,6.9785987337430315,NA,NA,3191.689834182645,261.84515380859375,0.804166316986084,27.288620913168415,45.23708048509434
GF-Guy,2019-10-13,6.387981091752464,NA,NA,3142.91336654145,258.0657043457031,0.810136079788208,25.321262000943534,42.48940240358934
GF-Guy,2019-10-14,6.2293876652364375,NA,NA,3106.734818882412,254.34278869628906,0.8171290755271912,24.403128918493167,41.08317079953849
GF-Guy,2019-10-15,6.03672346951049,NA,NA,3074.774280987649,250.67144775390625,0.796972393989563,23.884633264970034,39.3939990317449
GF-Guy,2019-10-16,6.285807416762835,NA,NA,3028.523345543033,251.8714599609375,0.8199564814567566,24.750390366534702,41.85683064861223
GF-Guy,2019-10-17,6.148734670362355,NA,NA,3032.4123646496746,250.06387329101562,0.831322431564331,24.278557248180732,41.61200922681019
GF-Guy,2019-10-18,6.529862222112255,NA,NA,3026.469990059182,249.2677459716797,0.816531777381897,25.395780539838597,42.522278818069026
GF-Guy,2019-10-19,7.1733845052895715,NA,NA,3004.418724358327,257.9049377441406,0.823875367641449,28.588085115188733,48.66530798608437
GF-Guy,2019-10-20,6.466020864469034,NA,NA,3098.3871025313074,256.3972473144531,0.8153872489929199,25.37884756748099,42.47152173775248
GF-Guy,2019-10-21,6.480956979003953,NA,NA,3077.809089495812,252.9217987060547,0.8094521760940552,25.915829610312358,43.302665289957076
GF-Guy,2019-10-22,6.61485403040309,NA,NA,3043.569532441504,249.29774475097656,0.7995883822441101,26.666408302844502,44.10648762132041
GF-Guy,2019-10-23,5.867923207489061,NA,NA,3008.194298410612,245.73226928710938,0.8074439764022827,23.463027901016176,39.01097079506144
GF-Guy,2019-10-24,6.764894466341278,NA,NA,2972.076765794322,242.22686767578125,0.8122766017913818,26.998834073310718,45.06124241743237
GF-Guy,2019-10-25,6.749801981596299,NA,NA,2934.253264847116,243.5797119140625,0.813055157661438,27.03354402910918,45.187262003310025
GF-Guy,2019-10-26,6.45211081445953,NA,NA,2949.694976394559,240.10987854003906,0.809688925743103,25.77295708761085,42.83403541194275
GF-Guy,2019-10-27,6.137305387744198,NA,NA,2916.733975763674,236.69119262695312,0.8028985261917114,24.547964130761102,40.42118234792724
GF-Guy,2019-10-28,6.044478972017029,NA,NA,2877.6303853517697,233.3333282470703,0.7991306781768799,24.536137061659247,40.36209429614246
GF-Guy,2019-10-29,6.44731898734599,NA,NA,2839.9313673561005,230.03179931640625,0.8010253310203552,26.229730792692862,43.24074325268157
GF-Guy,2019-10-30,5.93550365280222,NA,NA,2806.97189976649,226.78289794921875,0.7953179478645325,24.200549887609668,39.62975461035967
GF-Guy,2019-10-31,6.090832621227076,NA,NA,2772.346322919115,223.5897216796875,0.7947041392326355,24.876731913536787,40.73945092386566
GF-Guy,2019-11-01,6.220512276078448,NA,NA,2732.4458576524207,220.45767211914062,0.8152067065238953,25.216988433385268,42.19332549837418
GF-Guy,2019-11-02,4.9848132479338,NA,NA,2697.1218272001165,217.37974548339844,0.8155115842819214,20.306511942180805,33.99966226425022
GF-Guy,2019-11-03,5.857074794210033,NA,NA,2666.2224604759685,214.34979248046875,0.8060521483421326,23.87479253229685,39.54974818043411
GF-Guy,2019-11-04,5.342515622392112,NA,NA,2633.5030671500376,211.37100219726562,0.8166022896766663,21.453002773341723,35.81526834750548
GF-Guy,2019-11-05,5.640641866642752,NA,NA,2600.7389090188735,208.44674682617188,0.8099371790885925,22.839560188003816,37.97679164563306
GF-Guy,2019-11-06,5.7096061883149325,NA,NA,2558.5134333543815,218.38502502441406,0.8314603567123413,23.25777313672006,39.75100116804242
GF-Guy,2019-11-07,5.2395164046758484,NA,NA,2665.0969015718,215.3574981689453,0.8264877796173096,21.02988764818292,35.53944770828821
GF-Guy,2019-11-08,6.205064738974159,NA,NA,2634.5256056805206,212.37820434570312,0.8227497935295105,24.7451062023174,41.59537274972536
GF-Guy,2019-11-09,5.940566368309068,NA,NA,2604.6205695273943,209.4463348388672,0.8162909746170044,23.58927667955868,39.34597771149129
GF-Guy,2019-11-10,6.038346500308425,NA,NA,2574.6152724748777,206.55979919433594,0.8104351758956909,23.850116122048348,39.486156310886145
GF-Guy,2019-11-11,5.995911764509883,NA,NA,2541.900171664517,203.72808837890625,0.8122862577438354,23.698776203673333,39.36327630071901
GF-Guy,2019-11-12,6.216865170885016,NA,NA,2509.3169124038127,201.9471893310547,0.8137093782424927,24.560175006627105,40.88877176400274
GF-Guy,2019-11-13,5.941039158238304,NA,NA,2490.903553648741,199.19285583496094,0.8086908459663391,23.328901079366915,38.580554246436805
GF-Guy,2019-11-14,5.399504745448078,NA,NA,2461.9833432107303,196.48524475097656,0.7970767021179199,21.317513528629206,34.87537469482049
GF-Guy,2019-11-15,6.039298518940255,NA,NA,2428.518891825107,193.82952880859375,0.8060421943664551,23.80287151027005,39.35700442525558
GF-Guy,2019-11-16,6.071479508170375,NA,NA,2393.104565241699,192.02992248535156,0.8163208365440369,24.12871617707424,40.51481300848536
GF-Guy,2019-11-17,5.217805780746319,NA,NA,2372.3171387680277,189.46099853515625,0.8133656978607178,20.7295215659542,34.725351724773645
GF-Guy,2019-11-18,5.068280906588943,NA,NA,2346.4771148599225,186.9329376220703,0.8145305514335632,19.848817828460597,33.168467780342326
GF-Guy,2019-11-19,6.254380683840057,NA,NA,2318.168281282417,187.849365234375,0.8179461359977722,24.35674650769215,40.811009967001155
GF-Guy,2019-11-20,5.826953292628865,NA,NA,2327.3987227997172,188.75120544433594,0.8138389587402344,22.696403902955353,37.85827721003443
GF-Guy,2019-11-21,4.650069699611193,NA,NA,2328.061609847065,187.4515838623047,0.8408131003379822,18.11426591302734,31.16873267572373
GF-Guy,2019-11-22,3.9707092039379073,NA,NA,2308.7828492922063,195.7812957763672,0.8424355983734131,15.679093849030323,27.178168238606304
GF-Guy,2019-11-23,5.8270572328273165,NA,NA,2407.6673842261357,193.1605682373047,0.8163327574729919,22.61413828819059,37.82312705880031
GF-Guy,2019-11-24,5.4382886967541255,NA,NA,2376.706542546857,190.7912139892578,0.8223230242729187,21.182828277233057,35.718268918571994
GF-Guy,2019-11-25,4.53509114406727,NA,NA,2338.773735756737,205.27511596679688,0.8688300251960754,17.568590919836424,31.09698445769027
GF-Guy,2019-11-26,6.046072568422482,NA,NA,2497.39383719095,216.514404296875,0.8388260006904602,23.335569494520314,39.932114304974675
GF-Guy,2019-11-27,3.911744297286611,NA,NA,2600.148688127965,236.59246826171875,0.8665722608566284,15.156066183408257,26.759857064462267
GF-Guy,2019-11-28,5.039762199660879,NA,NA,2802.2292832778808,235.5582733154297,0.836245596408844,19.775921828113496,33.93458973732777
GF-Guy,2019-11-29,5.797230994995729,NA,NA,2800.638906259105,232.32859802246094,0.8164859414100647,22.698077373206615,38.02721403189935
GF-Guy,2019-11-30,6.072021284956991,NA,NA,2768.3334340774472,229.15061950683594,0.8091740012168884,23.975520889507607,39.95870429207571
GF-Guy,2019-12-01,6.01957517641562,NA,NA,2730.968925688002,228.0307159423828,0.8249104022979736,23.694687115494162,40.194565372075886
GF-Guy,2019-12-02,5.712654947498699,NA,NA,2707.2822115548847,243.94598388671875,0.83797687292099,22.922171410755254,39.71457772422582
GF-Guy,2019-12-03,4.575688529897619,NA,NA,2862.7558990761086,244.81858825683594,0.8286706209182739,18.32268935686443,31.351908546639606
GF-Guy,2019-12-04,5.34425915023427,NA,NA,2878.480610042933,242.2683868408203,0.8161374926567078,21.285768525558524,35.807206586468965
GF-Guy,2019-12-05,3.6055120972939476,NA,NA,2840.4274595127185,251.5767822265625,0.8548874855041504,14.269136045186315,24.995591957122087
GF-Guy,2019-12-06,5.946813818113303,NA,NA,2934.207580217118,258.3380126953125,0.8278235197067261,23.715336283203214,40.40194471599534
GF-Guy,2019-12-07,5.9512588712904195,NA,NA,3001.9661649264426,254.9977569580078,0.8050841689109802,24.09666558378376,40.15340527985245
GF-Guy,2019-12-08,3.7985603198593045,NA,NA,2946.885831562089,253.9409942626953,0.8511698842048645,15.468973288079724,27.217036404181272
GF-Guy,2019-12-09,5.861204347492737,NA,NA,2932.218919075075,252.703857421875,0.8334519863128662,24.483544621034525,42.66732867108658
GF-Guy,2019-12-10,5.081684133152903,NA,NA,2934.1407396175246,293.66668701171875,0.8337138891220093,20.642042727558874,35.524564736988395
GF-Guy,2019-12-11,4.203299313415716,NA,NA,3297.06741213308,294.4656066894531,0.8212611675262451,17.12892481009476,29.056891435175203
GF-Guy,2019-12-12,3.5733336375819316,NA,NA,3282.262525931307,305.68499755859375,0.8644511699676514,14.452581126533914,25.612029276089743
GF-Guy,2019-12-13,5.2049033987669295,NA,NA,3400.117833427932,301.5244445800781,0.8229594230651855,21.046105757704936,35.60544428182766
GF-Guy,2019-12-14,3.446652381508439,NA,NA,3351.010842087828,308.23883056640625,0.858046293258667,13.783199392491952,24.13453330518678
GF-Guy,2019-12-15,2.974833787223439,NA,NA,3386.789879190578,324.49591064453125,0.882456362247467,11.958266441070009,21.502646632143296
GF-Guy,2019-12-16,3.296460174484017,NA,NA,3497.864238519237,360.5791320800781,0.8831353783607483,13.485704585036729,24.397684683208354
GF-Guy,2019-12-17,1.7368040381022443,NA,NA,3722.7246005839283,386.7108154296875,0.9019532799720764,7.157516847655643,13.212523299444001
GF-Guy,2019-12-18,5.150635577278372,NA,NA,3931.5836910357693,385.12188720703125,0.8430373668670654,21.289584765327163,36.9991066691
GF-Guy,2019-12-19,4.69264562851117,NA,NA,3927.847669448381,389.139892578125,0.8525357842445374,19.175296984030865,33.4971264237538
GF-Guy,2019-12-20,3.9533668278176104,NA,NA,3956.1537435515916,387.71453857421875,0.844131350517273,16.256142771453597,28.18110806401819
GF-Guy,2019-12-21,4.842400458859809,NA,NA,3928.8686749375906,414.1304931640625,0.8632288575172424,19.932967916247435,35.254521208116785
GF-Guy,2019-12-22,3.013080560866697,NA,NA,4030.6160111486174,419.58551025390625,0.8890404105186462,12.462431186577305,22.65001785417553
GF-Guy,2019-12-23,2.9361857400264273,NA,NA,4103.140207965678,432.9294128417969,0.8754364848136902,11.879977137141395,21.105608539073728
GF-Guy,2019-12-24,3.2591624300421023,NA,NA,4161.7747442221935,435.1825256347656,0.8424886465072632,13.653649148182012,23.708589651505463
GF-Guy,2019-12-25,4.514263551912189,NA,NA,4185.174473028615,436.3998718261719,0.8381491899490356,18.882774384110235,32.57029311498627
GF-Guy,2019-12-26,3.0548613012572865,NA,NA,4148.881867098709,480.2728271484375,0.8836417198181152,12.62312798644416,22.72256460855715
GF-Guy,2019-12-27,5.330425905592648,NA,NA,4357.401542212247,474.6235656738281,0.8321942090988159,22.152138626552187,37.80614133575
GF-Guy,2019-12-28,4.954766252158601,NA,NA,4355.379460770407,469.5790710449219,0.8262495398521423,20.74138683383353,35.21611506585032
GF-Guy,2019-12-29,4.607611968193525,NA,NA,4304.391734394026,467.6124267578125,0.8296927809715271,19.66757554328069,33.727759728208184
GF-Guy,2019-12-30,3.802823247732939,NA,NA,4261.330444626356,468.90966796875,0.8222783803939819,16.692887584213167,28.693562853732146
GF-Guy,2019-12-31,5.7281001850410735,NA,NA,4315.669399230077,463.3235168457031,0.7903846502304077,25.454994101892225,42.299594497308135
